TAGS,NO OF POST
#searchbar,"1,934"
#explorepages,"201,249"
#explore,"104,023,211"
#clicklink,"26,380"
#newvideoalert,"129,521"
#youtubecommunity,"139,710"
#newyoutubevideo,"46,890"
#smallyoutubercommunity,"50,449"
#sub4subs,"19,255"
#sub4subonyoutube,"13,198"
#subforsubs,"17,140"
#subforsubyoutuber,"5,018"
#smallyoutuber,"561,074"
#subscribe,"5,327,994"
#upcomingyoutuber,"20,066"
#saycheesedigital,"252,253"
#kollegekidd,"62,740"
#silverplaybutton,"8,038"
#freesubscribers,"1,988"
#ytindia,"8,584"
#youtubersindonesia,"74,050"
#pappyagaikwadoffical,"61,475"
